epoch,train,val
0,1.84061541002,1.51175987265
1,1.40194414034,1.40122406878
2,1.24907134134,1.21697419578
3,1.13936655128,1.19406795198
4,1.07258705867,1.09787209626
5,1.01003420711,1.11313936285
6,0.951016519381,1.05766197906
7,0.912034924683,1.05214959117
8,0.864122435108,1.0817019928
9,0.834212237459,1.10102042992
