epoch,train,val
0,43.5485933504,35.6369426752
1,32.2953964194,32.0191082803
2,28.4718670077,28.0955414013
3,26.0549872123,27.2738853503
4,24.3081841432,24.7770700637
5,22.7007672634,25.5414012739
6,21.5984654731,23.2738853503
7,20.6342710997,23.2611464968
8,19.5421994885,23.3439490446
9,18.8708439898,23.6242038217
